stop_id	name	latitude	longitude
node/10219015672	Carrefour du marché Cococdy	5.335875	-4.002003
node/10219015673	Feu de pâtisserie	5.335557	-3.999462
node/10219015674	Pharmacie Saint Marie	5.335359	-3.997948
node/10219015675	Carrefour Kadhafi	5.334800	-3.993374
node/10219015676	Campus 2 portail	5.334655	-3.990409
node/10219015677	District de Police de Cocody	5.336991	-3.985947
node/10219015678	Campus 1 portail	5.337957	-3.984934
node/10219015679	Rond-point Axa	5.338153	-3.975784
node/10219015680	Carrefour chefferie	5.341637	-3.974276
node/10219015681	Coco	5.344137	-3.974528
node/10219015682	Pharmacie Saint Pierre	5.346128	-3.975091
node/10219015683	Chez Rifat	5.349381	-3.976078
node/10219015684	Carrefour des prix	5.350121	-3.976257
node/10219015685	Carrefour SGBCI	5.351108	-3.976507
node/10219284911	Carrefour marché	5.356726	-3.940600
node/10219284912	1er étage	5.357482	-3.940474
node/10219284913	Le lapin	5.358535	-3.940285
node/10219284914	Immeuble assurance	5.359327	-3.940154
node/10219284915	Carrefour bambou	5.357955	-3.943043
node/10219284916	Antenne	5.357627	-3.943740
node/10219299418	Carrefour termitières	5.357310	-3.945392
node/10219299419	Camp ivoire	5.357773	-3.947623
node/10219299420	Carrefour béton	5.358135	-3.949023
node/10219299421	Rond-point de l'ancien camp	5.358673	-3.951137
node/10219299422	Clinique médicale Saint Viateur	5.359044	-3.952782
node/10219299423	Carrefour CMA	5.359437	-3.954245
node/10293290890	Mel Théodore	5.345521	-3.952473
node/10293312741	Cité Belles Fleurs Riviera 3	5.346354	-3.952746
node/10293312742	Lycée Américain	5.348255	-3.953115
node/10293312743	Ancien Garage	5.349900	-3.954476
node/10293312745	Pharmacie St Agathe	5.355237	-3.960981
node/10293470011	Carrefour Martin	5.332443	-3.936563
node/10293470012	A la foire	5.333327	-3.937399
node/10293470013	Carrefour Université	5.334383	-3.938384
node/10293470014	Carrefour Valinbet	5.336659	-3.940506
node/10293470015	Carrefour Akwaba	5.337730	-3.941675
node/10293470017	Gare 9 Kilo	5.356923	-3.962969
node/10296715480	Hôtel Palm Club	5.352415	-4.002059
node/10296715481	Farandole	5.363149	-3.997609
node/10296715482	Carrefour macaci	5.365339	-3.997605
node/10296715483	2 Plateaux Mobil	5.368598	-3.998305
node/10296715485	Petit Carrefour	5.372522	-3.998542
node/10296715486	Carrefour 12ème arrondissement	5.374942	-3.998564
node/10296715487	Mahikari	5.389479	-3.992664
node/10296715488	Ancienne Ambassade de Chine	5.391912	-3.992366
node/10296715489	Cité Papayer	5.395707	-3.991886
node/10296715490	22ème	5.398181	-3.991591
node/10314834892	Mosquée Aghien	5.382880	-3.993463
node/10314834893	Opera	5.385499	-3.993148
node/10314834898	Victor Lobad	5.411643	-3.994575
node/10314834902	Gare Carrefour Angré	5.414083	-3.995423
node/10537894025	Carrefour Batim	5.408425	-3.992409
node/10537894026	Star 9	5.410147	-3.993918
node/10537894027	Carrefour Hôpital	5.412683	-3.994939
node/10540411650	Château	5.338171	-4.003807
node/10540411652	Immeuble Carbone	5.347086	-4.002744
node/10540411653	A l'arrêt	5.351431	-4.002190
node/10541854662	Djeddah	5.245961	-3.937754
node/10541854663	1er Arrêt Adjoufou	5.244697	-3.929652
node/10541854664	Terminus Gonzagueville	5.240081	-3.900822
node/10541854665	Terre rouge	5.239950	-3.899893
node/10541854666	Carrefour Chien	5.238905	-3.893169
node/10541854667	Carrefour Motar	5.237530	-3.883914
node/10541854668	Terminus Anani	5.236885	-3.879818
node/10548664715	Akwaba - Rond-Point	5.266670	-3.960799
node/10555172691	Carrefour Complexe	5.348824	-4.020630
node/10555172692	Maternité Thérese	5.348107	-4.018285
node/10555172693	Au Tournant	5.347986	-4.017360
node/10555172697	Shell	5.352370	-4.017055
node/10556394811	Palais des Sports	5.298477	-4.005154
node/10556394812	Marché Samsung	5.299590	-4.007427
node/10556394813	Carrefour Cacomiaf	5.301089	-4.010221
node/10556394814	Siège Coris Bank	5.303242	-4.014045
node/10556394815	Carrefour CTOP Zone 2	5.303579	-4.016141
node/10556394816	En bas du pont	5.308535	-4.018731
node/10556394817	Station OLA	5.309301	-4.016356
node/10556394820	Mairie de Treichville	5.310458	-4.013029
node/10556747533	Kabalane	5.300202	-4.008586
node/10556747534	Pharmacie Sainte-Jeanne	5.303971	-4.014628
node/10556747535	Commissariat du 2ᵉ Arrondissement de Treichville	5.305803	-4.015287
node/10556747536	District Sanitaire Trechville/Marcory	5.306395	-4.015491
node/10556948059	Carrefour Pâtisserie	5.350910	-4.017071
node/10556948060	Chez Hassan	5.353126	-4.017173
node/10556948103	Eglise Saint Michel	5.344787	-4.022922
node/10556998268	Carrefour Dallas	5.341991	-4.023814
node/10556998269	Eglise Méthodiste	5.343586	-4.023565
node/10568343034	Escalier	5.355912	-3.881764
node/10568343035	La Poste	5.357521	-3.889082
node/10568343036	55 Panneau	5.373280	-3.926448
node/10568343037	Menuiserie	5.371361	-3.933544
node/10568343038	Coqivoire	5.370728	-3.935976
node/10568343039	Carrefour CFA	5.365625	-3.948673
node/10568343040	Ferronnerie	5.364926	-3.950277
node/10570021089	Carrefour Alpha	5.355695	-3.969947
node/10570021091	Syndicat	5.366602	-3.909236
node/10570253261	2eme Arrêt	5.417430	-4.016768
node/10570253262	UTD 2eme Porte	5.397735	-4.020797
node/10570253263	Université 2eme Porte	5.394326	-4.020791
node/10570253264	Filtisac	5.391308	-4.020755
node/10570253265	Macaci	5.376640	-4.026105
node/10570253266	SODECI	5.373591	-4.027885
node/10570253267	Escalier	5.368143	-4.029174
node/10570253268	Wrangler	5.362939	-4.028902
node/10570388540	William-Ponty	5.343771	-4.073417
node/10570388541	CIE Kenya	5.347686	-4.073396
node/10570774241	Hotel Ibis Marcory	5.291747	-3.973926
node/10570774242	Ancien Koz	5.294722	-3.979254
node/10574065355	9 Kilo	5.357519	-3.965230
node/10577586268	Ecole de Police	5.349967	-3.989140
node/10577586269	Ecole de Gendarmerie	5.349314	-3.996361
node/10582507590	Lycée Technique	5.347785	-4.009725
node/10582590781	Carrefour la Vie	5.348339	-4.003318
node/10588802321	Terre Rouge	5.390213	-4.079240
node/10588802322	SODEFOR	5.384224	-4.075929
node/10588802323	Maquis Carrefour	5.382291	-4.075516
node/10588802324	Antenne	5.380119	-4.075558
node/10588802325	Carrefour Etage	5.379271	-4.075588
node/10588802326	1er Carrefour	5.374100	-4.077729
node/10589324382	China mall	5.332261	-4.062192
node/10589324383	Collège les Phalènes	5.329976	-4.061574
node/10589324384	Collège Saint Augustin	5.323342	-4.056065
node/10591673049	Notre Dame	5.303945	-4.004028
node/10591673050	Avenue 16	5.306030	-4.004726
node/10591673051	Nanan Yamousso	5.308844	-4.005711
node/10593632402	Carrefour Palmeraie	5.360882	-3.959006
node/10593632403	Chic Shop	5.359016	-3.962662
node/10595017053	Marché Saint Pierre / Pont de Sideci	5.324084	-4.084877
node/10595017054	Carrefour Mandjo	5.324053	-4.083100
node/10595025284	Mairie de Yopougon - Annexe de Niangon	5.326837	-4.092111
node/10595025285	Bracodi	5.327143	-4.092753
node/10595025287	Carrefour Marché	5.327833	-4.098180
node/10595025288	Ancien terminus	5.328439	-4.100771
node/10595917523	Pharmacie Paloma	5.355916	-4.068478
node/10595935676	Carrefour Express	5.329525	-4.075497
node/10595935677	Après le pont	5.336392	-4.073371
node/10596176717	Petro Ivoire	5.324091	-4.087373
node/10596176718	Garage	5.324080	-4.085729
node/10600797393	Cap Nord	5.356373	-3.967867
node/10602635517	Carrefour Lycée	5.355425	-4.081346
node/10602635518	Carrefour Port Boët II	5.355218	-4.087500
node/10602792730	Station Shell du CHU	5.355932	-4.091121
node/10602792731	Cité Mamie Adjoua	5.357557	-4.093164
node/10602792732	Portail	5.358103	-4.093926
node/10602792733	Pharmacie Mamy Adjoa	5.358471	-4.095342
node/10602792734	Gesco Rond-Point	5.358470	-4.099447
node/10608601646	Pharmacie du Marché	5.356639	-3.882802
node/10608601647	Nouveau Chantier	5.364855	-3.908630
node/10608601650	Boulangerie Francaise	5.372055	-3.930929
node/10608601652	Premier Etage	5.368740	-3.942603
node/10608601653	Garage CFA	5.366093	-3.947683
node/10608601656	Petit Carrefour	5.363483	-3.954594
node/10608601657	La case Ivoire	5.355310	-3.971206
node/10614605022	Anani - Rond-point	5.237138	-3.873751
node/10614654297	Aichi	5.293082	-3.975854
node/10614654298	Univers des Meubles	5.290921	-3.971989
node/10614654299	Akwaba - Station Total	5.268807	-3.961693
node/10614800242	Aichi	5.293111	-3.976327
node/10614800243	ex Hôtel Vigie	5.246512	-3.941244
node/10614916028	Gare 504 et Mini car de Grand-bassam	5.206593	-3.734945
node/10649796298	Solibra	5.302040	-3.994189
node/10833774190	Pont Vagabond	5.339526	-4.079533
node/10833774191	Église Evangelique	5.339531	-4.081771
node/10833774192	Carrefour Terminus 47	5.339397	-4.083757
node/10833774193	Pharmacie Tereza	5.336706	-4.083704
node/10833774194	Poubelle	5.335434	-4.085952
node/10833774195	Bon Prix	5.335448	-4.089439
node/10833774196	Carrefour Policiers	5.334108	-4.090781
node/10833774197	Station Shell	5.330856	-4.090739
node/10833774198	Carrefour Menuiserie	5.329079	-4.090781
node/10833774199	Lubafrique	5.329784	-4.103976
node/10833774200	Brouette	5.329104	-4.104438
node/10833774201	Station First Petroleum	5.328166	-4.104813
node/10833774202	Panneau	5.326554	-4.105493
node/10833774203	Saint Chamel	5.325446	-4.105960
node/10833795516	SODEFOR	5.349020	-3.998818
node/10834214738	Frat-Mat	5.344738	-4.018204
node/10836730163	Au Banco	5.361394	-4.042175
node/10844232134	Piscine Etat	5.308162	-3.999504
node/10855579565	Avenue 8	5.309450	-4.005943
node/10855886533	Carrefour Policier	5.358828	-4.045375
node/10855886534	Complexe sportif d'Attecoubé	5.358293	-4.049168
node/10855886536	SANgel Yopougon	5.356614	-4.065691
node/10855955005	Carrefour Palmeraie	5.361082	-3.959151
node/10855955006	Carrefour Cocody	5.349263	-3.997007
node/10855955007	GSPM	5.341325	-4.019772
node/10856099233	Pharmacie de la Riviera 3	5.348754	-3.953598
node/10856099234	Station Corlay	5.354730	-3.960127
node/10861156458	Grand Carrefour	5.365793	-4.097612
node/10863718707	Adjamé Liberté	5.353393	-4.015124
node/10863748340	Gare de Bassam	5.299590	-4.002476
node/10863748341	Arras 2	5.301240	-4.003080
node/10866049930	Marché	5.363792	-4.097409
node/10870264385	Eglise Universel	5.355684	-4.020185
node/10870880392	Pharmacie les phalènes	5.323444	-4.087772
node/10870880393	Timotel	5.322061	-4.087784
node/3992199166	Grand Carrefour de Marcory	5.300599	-3.989288
node/6899034707	Notre-dame	5.303315	-4.003799
node/6899034708	Pharmacie Nanan Yamousso	5.307249	-4.005186
node/6899034709	Descente du Pont	5.309958	-4.006141
node/6899034710	Adjamé Liberté - 220 logements	5.353412	-4.016060
node/6899241573	Abobo Gare Mairie	5.420007	-4.017438
node/6899241574	Mobil	5.414375	-4.015982
node/6899241575	Préfecture de police d'Abidjan	5.385306	-4.021249
node/6899241576	Ancien Garage	5.380140	-4.024003
node/6899241577	Adjamé Liberté	5.354346	-4.016400
node/6903347574	Cocody Riviera M'badon	5.328654	-3.932449
node/6903347575	Nouveau marché	5.329342	-3.933227
node/6903347576	Ancien Marché	5.329969	-3.933995
node/6903347577	La ferme	5.331054	-3.935320
node/6903347579	Pharmacie Bonne Fortune	5.335415	-3.939371
node/6903347580	2 poteaux	5.338416	-3.942741
node/6903347581	Carrefour Antenne	5.339948	-3.945032
node/6903347582	Carrefour Akouédo / Synacassi 2	5.345935	-3.945702
node/6903347583	École	5.346135	-3.947157
node/6903347584	2ème rond-point	5.345804	-3.950540
node/6903525051	Hôtel du centre	5.433734	-4.027029
node/6903525052	À la Pompe	5.437461	-4.034220
node/6903525053	Dépôt 9	5.437718	-4.036062
node/6903525054	Anokoi	5.439070	-4.044477
node/6903525056	Marahoué	5.442240	-4.047856
node/6903544087	Maternité Thérese	5.348091	-4.017914
node/6903602213	Abobo Gare	5.422042	-4.018492
node/6903602214	Abobo Gendarmerie	5.426046	-4.020434
node/6903602215	Gendarmerie Avant le Feu	5.426524	-4.020838
node/6903602217	Solibra	5.433024	-4.026393
node/6903602218	Château	5.435752	-4.029070
node/6903602219	Marché de Nuit	5.436386	-4.030200
node/6903968407	Pharmacie Saint Bernard	5.367356	-3.979693
node/6903968408	Carrefour Garage	5.365578	-3.979450
node/6908914486	Boulangerie Opera	5.349206	-4.017102
node/6952132231	Maquis 5 sur 5	5.247536	-3.947572
node/7051811086	Station Total Riviera 2	5.352985	-3.978897
node/7051811087	Vallon	5.354460	-3.990908
node/7051811088	Escalier	5.354734	-4.004384
node/7051811090	Adjamé Liberté	5.353361	-4.014623
node/7051905162	Carrefour CHU	5.349403	-3.991248
node/7052162359	Carrefour Saint Michel	5.345289	-4.022648
node/7052162371	Carrefour Bangui	5.357195	-3.884484
node/7052162372	Pharmacie Principale de Bingerville	5.357439	-3.887969
node/7052162373	Carrefour Faya	5.369984	-3.938731
node/7052162375	Gare en haut	5.350286	-4.022453
node/7052340411	Bon Pasteur	5.351238	-3.954505
node/7052340412	Cap Nord	5.356734	-3.967020
node/7052340415	Gare en haut	5.350321	-4.022635
node/7052366501	Adjamé Liberté	5.353534	-4.014577
node/7052366504	Institut des aveugles	5.351928	-4.063390
node/7052366506	Carrefour Bicici	5.338151	-4.062261
node/7052366507	Nouveau bureau	5.334281	-4.062215
node/7052994966	Pharmacie	5.353665	-3.940930
node/7052994967	Carrefour Akouédo village	5.355419	-3.940774
node/7052994968	Carrefour Village	5.360399	-3.939988
node/7052994969	Nouveau pont	5.358851	-3.942001
node/7052994970	Devant le camp	5.357496	-3.946483
node/7052994971	Da Carmen	5.358411	-3.950090
node/7054593049	Grand Carrefour de Treichville	5.298719	-4.001466
node/7054593050	Feux Collège Autoroute	5.299899	-3.998254
node/7054593051	Solibra	5.300483	-3.996460
node/7054593053	Cap Sud / Orca Deco	5.298533	-3.985672
node/7054593054	Echangeur Marcory	5.296007	-3.981175
node/7054593055	Hotel Ibis Marcory	5.292125	-3.974137
node/7054593056	Grand Carrefour de Koumassi	5.286310	-3.970074
node/7054593057	Carrefour Camp commando de Koumassi	5.282164	-3.969121
node/7054593058	Ancien Koumassi	5.276079	-3.966028
node/7054593059	Carrefour Mosquée	5.259306	-3.958447
node/7054593060	43ème Bima	5.256517	-3.957339
node/7054593061	Port-Bouët Phare	5.251145	-3.955322
node/7054593062	Carrefour Aéroport	5.247052	-3.944649
node/7054593063	Mosquée Sylla	5.241820	-3.911869
node/7054593064	Casier	5.242513	-3.916118
node/7054593065	Jean folly	5.241278	-3.908483
node/7054593066	Corridor	5.239452	-3.896827
node/7054593076	Grand Carrefour de Koumassi - Avant le feu	5.288764	-3.970930
node/7054593077	Grand Carrefour de Marcory	5.299996	-3.988818
node/7054787049	Siporex après le feu	5.354716	-4.074167
node/7054787051	Kouté Terminus 40	5.330849	-4.074128
node/7054787052	Saguidiba	5.332447	-4.073444
node/7054787053	Pharmacie de l'Antenne	5.333975	-4.073448
node/7054787055	16ème	5.338335	-4.073382
node/7054787056	Score	5.340018	-4.073411
node/7054787057	Saint André	5.343187	-4.073427
node/7054787058	Station OLA	5.346183	-4.073402
node/7054787059	Keneya	5.346814	-4.073378
node/7054787060	La Poste	5.352341	-4.074014
node/7054787064	Pont Ferrail	5.364297	-4.030633
node/7054787065	Mirador	5.357048	-4.025746
node/7054787067	Renault-Mirador	5.356714	-4.024393
node/7054787074	Siporex au feux	5.355329	-4.074000
node/7054787076	Saint André	5.343383	-4.073248
node/7054917910	Terminus 27 Niangon Sud à Gauche	5.316118	-4.090074
node/7054917911	Collège Gloris	5.317394	-4.088604
node/7054917912	Carrefour Depôt	5.320018	-4.088719
node/7054917913	Carrefour Timotel	5.321131	-4.088258
node/7054917914	Akadjoba	5.324418	-4.080462
node/7054917915	Cosmos Yopougon	5.348765	-4.073424
node/7054917916	Carrefour Gabriel Gare	5.355859	-4.071510
node/7054917917	Sable	5.356058	-4.067013
node/7054917918	1er Pont	5.360394	-4.066908
node/7054917919	Adjamé Renault	5.355866	-4.020917
node/7054917922	Figayo	5.350156	-4.073235
node/7054917923	Keneya	5.346551	-4.073252
node/7054917924	Ancien Lavage	5.341019	-4.073227
node/7054999103	SICOMEX Marcory	5.292440	-3.975205
node/7054999104	Echangeur Marcory	5.296287	-3.982020
node/7054999105	Siège de Orange Côte d'Ivoire	5.297859	-3.984924
node/7054999106	Cap Sud	5.298892	-3.986762
node/7055147057	Yopougon Palais	5.326169	-4.077176
node/7055147058	Figayo	5.351025	-4.073493
node/7055147059	Siporex	5.355766	-4.073567
node/7055147060	Bracodi	5.360546	-4.027638
node/7055147061	Adjamé Texaco	5.354132	-4.017826
node/7055596703	Bel Air	5.346558	-4.063278
node/7055596704	Carrefour sapeur-pompier	5.328692	-4.060968
node/7055596705	Carrefour Gandhi	5.323801	-4.059553
node/7055717196	Carrefour Académie	5.323816	-4.106672
node/7056202789	Riviera 2	5.353759	-3.977809
node/7056202790	Pharmacie Saint Ange	5.357032	-3.978512
node/7056202791	Hôtel Manhatan	5.361908	-3.978869
node/7056202792	Église Saint Bernard	5.369741	-3.980943
node/7056202793	Commisariat 30è Art.	5.373559	-3.984363
node/7056202794	Côte d'Ivoire Télécom / Puissance 6	5.387879	-3.987206
node/7056202795	Carrefour Rose Hermine	5.395469	-3.986292
node/7056202797	Termunis 81/82	5.402872	-3.985399
node/7056277272	Treichvile Gare de Bassam	5.298150	-4.003120
node/7056277274	Gare bateau-bus	5.308993	-4.016906
node/7056277275	Gare bateau-bus	5.309197	-4.016689
node/7056277277	Treichvile Gare de Bassam	5.298314	-4.003910
node/7056562833	Cissé 1er	5.381119	-4.023709
node/7056562834	Préfecture de police d'Abidjan	5.385057	-4.021681
node/7056562835	Express	5.399991	-4.020435
node/7056562836	Plaque Anador	5.406860	-4.016686
node/7056562837	Anador	5.409070	-4.016244
node/7056562838	Abobo Gare	5.421160	-4.018261
node/7056562842	Anador	5.409398	-4.016008
node/7056562843	Garage Machine	5.401778	-4.019306
node/7056562844	Cissé 2ème	5.381188	-4.023425
node/7056562845	Guiness	5.369440	-4.029152
node/7056730266	Carrefour Lokoa	5.319233	-4.099730
node/7056730270	Pharmacie Niangon Nord	5.329126	-4.102452
node/7056730280	Au Score	5.339531	-4.075144
node/7056730281	Marche de Sicogi	5.339532	-4.077858
node/7057184309	Sous-Prefecture de Bingerville	5.357639	-3.890590
node/7057184310	Station Texaco	5.361245	-3.894488
node/7057184311	CIE	5.360128	-3.898088
node/7057184312	Coup de Frein	5.371534	-3.910861
node/7057184313	Feh Kessé	5.374017	-3.911986
node/7057184314	Panneau Orange	5.374326	-3.921498
node/7057184315	Jules Verne	5.374031	-3.923258
node/7057184316	Nouveau Goudron	5.372434	-3.929521
node/7057184317	Playce Palmeraie	5.371751	-3.932123
node/7057184319	Après barrage	5.361458	-3.958509
node/7057928795	Pharmacie Paloma	5.355965	-4.068483
node/7057928797	Garage Massa	5.357507	-4.052610
node/7058050530	SOCOCE 2 Pltx	5.373590	-3.998539
node/7058310541	Adjamé Mairie-Dallas	5.341468	-4.025658
node/7058310543	Adjamé Liberté	5.354004	-4.016610
node/7060277170	Warren Palmeraie	5.360347	-3.961867
node/7060277171	Pharmacie Rosiers	5.380575	-3.964395
node/7060277172	Termunis des Rosiers	5.380872	-3.964685
node/7060277175	Carrefour Sacré Coeur	5.371585	-3.964813
node/7060486573	Palmeraie SIPIM 4	5.384859	-3.953344
node/7060486574	Carrefour Saint Viateur	5.383505	-3.955814
node/7060486576	Warren Palmeraie	5.360919	-3.961907
node/7066057000	A l'Arrêt	5.424295	-4.019265
node/7066086753	SGBCI Cocody	5.339736	-4.003634
node/7066086754	RTI	5.343163	-4.003211
node/7066086755	BMW	5.358315	-4.001091
node/7066312413	Lavage	5.439486	-4.068656
node/7066312415	2ème Porte	5.432311	-4.068636
node/7066312416	Première Porte	5.430589	-4.069067
node/7066312418	Carrefour Zone	5.369700	-4.080051
node/7071584251	Cabine Bleue	5.329074	-4.075913
node/7071584252	Dialogue	5.345446	-4.073394
node/7071584253	Kabadougou	5.353298	-4.074190
node/7071584255	Brigade d'Adjamé	5.357203	-4.026192
node/7071584257	Kabadougou	5.353319	-4.074046
node/7071584258	La Poste	5.352185	-4.073800
node/7071584259	Dialogue	5.345449	-4.073235
node/7071584260	William-Ponty	5.343866	-4.073255
node/7076835390	Niangon Sud à Gauche	5.316608	-4.088987
node/7076835391	Église des Assemblés de Dieu de Niangon-Sud	5.322880	-4.087738
node/7076835392	Marché	5.324940	-4.078780
node/7076835393	Ancien Lavage	5.341509	-4.073412
node/7076835397	Cosmos Yopougon	5.348419	-4.073265
node/7076873479	Boutique	5.361461	-4.100056
node/7076942287	A l'étage	5.363136	-4.098319
node/7076942288	Gesco BATIM	5.365028	-4.095844
node/7076942291	Uniwax	5.362395	-4.080360
node/7077860799	Macaci	5.378112	-4.025499
node/7078209301	Ancien Garage	5.379115	-4.024899
node/7078209302	Filtisac	5.392952	-4.021032
node/7078209304	Mobil	5.414510	-4.016227
node/7078451674	Sable	5.356478	-4.066511
node/7078451675	Première Station	5.358306	-4.066902
node/7078451680	Carrefour Texaco - Saguidiba	5.326976	-4.091627
node/7078451681	Carrefour Super marché	5.326951	-4.105320
node/7082416536	Clinique les Oliviers	5.333173	-4.062230
node/7082416538	Ivoire Boutique Superette	5.323597	-4.058203
node/7082416539	Yopougon Kowëit	5.322251	-4.054709
node/7083105177	Gare en haut	5.350543	-4.022934
node/7083115487	Nouveau Camp	5.367258	-3.945502
node/7083115488	Commissariat	5.359652	-3.961565
node/7083115489	9 Kilo	5.358469	-3.963601
node/7083153383	Nouvelle Gare Bingerville	5.353073	-3.876704
node/7083153384	Carrefour Sicogi 2	5.354544	-3.879781
node/7083191185	CIE	5.357393	-3.887269
node/7083191187	Ancien Barrage	5.360402	-3.902760
node/7083191190	Deux Poteaux	5.365295	-3.949408
node/7083218788	Adjamé Agban Village	5.358773	-4.030951
node/7083218789	Cité Fairmont	5.358971	-4.032426
node/7085040037	Pon de Vridi	5.270130	-4.006038
node/7085040038	Pon de Vridi	5.270289	-4.005760
node/7085040040	Movis	5.278864	-4.008529
node/7085040041	Pharmacie du Port	5.288994	-4.008385
node/7085040042	Cimivoire	5.297660	-4.014098
node/7085040043	Après le feu	5.299867	-4.016692
node/7085040044	CDCI	5.302669	-4.020598
node/7085040045	Dinor	5.303989	-4.021826
node/7085040046	Après le Pont	5.307699	-4.020261
node/7085040047	Garage	5.326406	-4.027425
node/7085040048	Ancien ONUCI	5.340202	-4.030670
node/7085040049	Pharmacie d'Agban	5.358829	-4.029664
node/7085185967	Magasin	5.335431	-4.083819
node/7098748078	Nouvelle Gare Bingerville	5.353007	-3.877554
node/7098748079	Ancien Marché	5.357058	-3.883384
node/7098748080	Carrefour Marché	5.357339	-3.886328
node/7098748081	Carrefour Garage	5.361681	-3.906856
node/7098748082	Adama	5.369556	-3.910177
node/7098748084	Riviera 2	5.352969	-3.979250
node/7160556541	Saint Jean	5.336062	-4.003577
node/7160556542	Feu PDCI	5.335149	-3.996117
node/7160556543	Feu Mosquée Golf	5.339083	-3.978746
node/7160556544	Gorille carrefour	5.346658	-3.975263
node/7160556546	Rond-point Riviera 2	5.352731	-3.976883
node/7160672808	Saint Jean	5.336504	-4.004032
node/7160672809	Carrefour la Vie	5.349177	-4.002437
node/7160672810	ENA	5.360799	-3.997863
node/7160672812	Opera	5.385205	-3.993176
node/7160738662	Sodemi	5.344688	-4.003044
node/7167781671	Marché Adjoufou	5.243318	-3.921137
node/7167781673	Eglise Catholique	5.240411	-3.902815
node/7167781674	Carrefour Abraham	5.237917	-3.886596
node/7190927831	Grand Carrefour de Koumassi - Avant le feu	5.287564	-3.970360
node/7190927832	Le Réservoir	5.277217	-3.967002
node/7834873584	Akouédo basket	5.348420	-3.940936
node/7835784412	Pharmacie Saint-Pierre des Rosées	5.353852	-3.957892
node/7836121074	Leader price	5.339609	-3.975146
node/7836121075	Carrefour Flambeau	5.340679	-3.974684
node/7836121076	Carrefour marché	5.345424	-3.974897
node/7836121077	Carrefour garage	5.347790	-3.975596
node/7842852286	CIE Cocody St-Jean	5.338548	-4.003779
node/7843272685	Jacques Prévert / Synacassi 1	5.345954	-3.949556
node/7843927987	Siporex - Pharmacie	5.355687	-4.074544
node/7843928086	Collège Jeunnes Filles Singa	5.328832	-4.049157
node/7843928185	Toit Rouge Jean-Paul 2	5.330605	-4.047347
node/7843928285	Auchan	5.330940	-4.051508
node/7843928385	Offoumou Yapo	5.331736	-4.052330
node/7844053285	5 étoiles	5.336637	-4.062241
node/7866306286	Prison Civil	5.392394	-4.083521
node/7866306685	Gabriel Gare	5.356397	-4.072602
node/7873450686	Complexe	5.340497	-4.062257
node/7873450785	Brésil	5.335705	-4.062243
node/7876023212	Picasso	5.338970	-4.062162
node/7876023214	Collège Sôna	5.331248	-4.062042
node/7876057940	Passeport	5.326434	-4.059969
node/7878542186	Boulagerie Blé Doré	5.323569	-4.056587
node/7884343661	Somafix	5.348330	-4.018984
node/7884438891	Bon Prix	5.355873	-4.070103
node/7884438892	Carrefour Gabriel Gare	5.355803	-4.071602
node/7884438893	Marché Siporex	5.355643	-4.075623
node/7884438894	Carrefour Marché Siporex	5.355492	-4.079257
node/7884438895	Carrefour Zone	5.355309	-4.085189
node/7884438897	Carrefour CHU	5.355190	-4.088968
node/7884545388	Carrefour Zone	5.355655	-4.084834
node/7902826896	Carrefour Marché	5.355279	-4.086209
node/7902959148	Carrefour Canal	5.335446	-4.087459
node/7902973078	Terminus bus 47	5.339541	-4.082797
node/7902973079	Station Pétro Ivoire	5.335442	-4.090569
node/7902973080	Carrefour Boby	5.332428	-4.090770
node/7902973081	Église Sainte-Rita	5.327571	-4.096814
node/7903002099	CEMA	5.355158	-4.090414
node/7903002102	Gare Gesco	5.367094	-4.101904
node/7966345987	Cité Ado	5.401269	-4.084239
node/7966345988	MACA	5.389077	-4.078360
node/7966346085	N'dotré	5.443069	-4.069399
node/8758117812	Marche Bingerville	5.356425	-3.882474
node/8866958390	Anokoi Kouté	5.438077	-4.038448
node/9250076888	Adjamé Texaco	5.354905	-4.018581
node/9271804739	Clinique la Rosette	5.301637	-4.003186
node/9271804742	Adjamé Liberté	5.353218	-4.014563
node/9271876733	SICOMEX Marcory	5.292346	-3.975171
node/9271876734	Pharmacie Elite	5.294203	-3.978559
node/9271876735	Echangeur Marcory	5.295481	-3.981054
node/9271876736	Grand Carrefour de Treichville	5.298490	-4.001607
node/9289220169	Carrefour Duncan	5.377936	-3.997299
node/9289220170	Las Palmas	5.380614	-3.994648
node/9289220171	Les Oscars	5.394517	-3.992027
node/9289258035	Ancien SONATT	5.388406	-3.992797
node/9289258036	Carrefour Adama Sanogo	5.401426	-3.991229
node/9289796144	Angré Petro Ivoire	5.405050	-3.990732
node/9293117898	Plaque Anador	5.406809	-4.016466
node/9293117899	Coco Service	5.404210	-4.017783
node/9293711894	Mosquée de la Riviera 3	5.349233	-3.954026
node/9294738197	Banco	5.412409	-4.015991
node/9294738200	Express	5.400115	-4.020138
node/9294738201	Université Première Porte	5.388227	-4.020736
node/9294738206	Après le Pont	5.364085	-4.029493
node/9294738207	Garage en Haut	5.366714	-4.029501
node/9294738208	Garage Machine	5.401987	-4.019476
node/9294738209	Banco	5.411555	-4.016197
node/9294738210	Saint Joseph	5.419416	-4.017609
node/9300351950	ITS	5.304541	-4.014827
node/9300351951	Cité Policière	5.308005	-4.016050
node/9300351957	Garage en Haut	5.366157	-4.029218
node/9300530492	Moulin	5.307898	-4.019404
node/9300530493	FIF	5.309556	-4.015660
node/9325540084	Cité Rouge Cocody	5.336952	-4.003969
node/9328317069	Glacier	5.353778	-3.955836